,basis_arb,funding,funding_smart,buyhold
basis_arb,1.0,-0.33536677333616566,-0.50853471144707,-0.4754779029192731
funding,-0.33536677333616566,1.0,0.5007027450354099,0.5239096060038597
funding_smart,-0.50853471144707,0.5007027450354099,1.0,0.32064089576304455
buyhold,-0.4754779029192731,0.5239096060038597,0.32064089576304455,1.0
