capital,buy_usd_clip,apr_pct,return_pct,max_dd_pct,sharpe,trades,halted
10000,500.0,10.329587613074409,105.00692290487584,25.389201622817787,0.9313500164369758,461,True
50000,2500.0,10.329587613074477,105.00692290487694,25.38920162281768,0.9313500164369842,461,True
250000,12500.0,10.32958761307443,105.00692290487623,25.38920162281774,0.9313500164369786,461,True
