regime,top_tail,top_spacing,top_ma,top_apr_pct,top_dd_pct,top_sharpe
bull,0.2,0.03,45,572.7389957881685,20.103718733317404,3.7403753870894163
bear,0.05,0.07,20,3.1485690549386325,2.054046724413714,1.836860911762114
crab,0.05,0.05,45,6.660163898841698,1.266576323375726,3.252301457422926
crash,0.05,0.03,30,9.56312745981236,0.19413118942534854,6.502753117604148
