regime,top_rsi,top_dip_mult,top_max_week,top_base_pct,smart_apr_pct,smart_vs_dca_pp,smart_vs_bh_pp,cb_improvement_pct
bull,45,3.0,5,0.035,2512.333951722772,6.453193246140798,-1.4234899764153042,6.062000630849843
bear,35,1.5,2,0.015,-68.25592483824082,11.341292307264572,29.852803304965914,10.186061318532651
crab,35,3.0,5,0.025,72.12469007710939,0.5348612438468514,1.6423036948033154,0.5320156980667452
crash,35,3.0,5,0.015,58.45213465539976,2.1374281875083057,31.77549750820008,2.0926982649145662
